{"list_keys": [10.5, 7, 3.5], "list_values": [1.1759345312367722, 27.72, 29.735000000000003]}